val_acc,step,epoch,val_loss,train_loss_epoch,train_acc_epoch
0.16200000047683716,0,0,1.964178442955017,,
,0,0,,1.9679123163223267,0.16225165128707886
0.16200000047683716,1,1,1.9603071212768555,,
,1,1,,1.9637233018875122,0.16225165128707886
0.16200000047683716,2,2,1.9565194845199585,,
,2,2,,1.9595634937286377,0.16225165128707886
0.16200000047683716,3,3,1.9525189399719238,,
,3,3,,1.9553183317184448,0.16225165128707886
0.16200000047683716,4,4,1.948119878768921,,
,4,4,,1.9508166313171387,0.16225165128707886
