val_acc,val_loss,step,epoch,train_loss_epoch,train_acc_epoch
0.057999998331069946,1.9806267023086548,0,0,,
,,0,0,1.9846707582473755,0.07201986759901047
