val_acc,val_loss,step,epoch,train_loss_epoch,train_acc_epoch
0.12800000607967377,1.9339810609817505,0,0,,
,,0,0,1.9377437829971313,0.13327814638614655
