val_acc,step,epoch,val_loss,train_loss_epoch,train_acc_epoch
0.057999998331069946,0,0,1.9783748388290405,,
,0,0,,1.9810600280761719,0.07201986759901047
0.057999998331069946,1,1,1.9731872081756592,,
,1,1,,1.9755513668060303,0.07201986759901047
0.057999998331069946,2,2,1.9677987098693848,,
,2,2,,1.9700645208358765,0.07201986759901047
0.057999998331069946,3,3,1.962032675743103,,
,3,3,,1.9644566774368286,0.07201986759901047
0.057999998331069946,4,4,1.955871820449829,,
,4,4,,1.9584903717041016,0.07201986759901047
