val_acc,step,epoch,val_loss,train_loss_epoch,train_acc_epoch
0.11400000005960464,0,0,1.964832067489624,,
,0,0,,1.9668819904327393,0.11423840373754501
0.11400000005960464,1,1,1.9606621265411377,,
,1,1,,1.9621483087539673,0.11423840373754501
0.11599999666213989,2,2,1.9568307399749756,,
,2,2,,1.9578886032104492,0.11423840373754501
0.11999999731779099,3,3,1.9532265663146973,,
,3,3,,1.953994631767273,0.11754966527223587
0.13199999928474426,4,4,1.9497153759002686,,
,4,4,,1.950307846069336,0.12665562331676483
