val_acc,val_loss,step,epoch,train_loss_epoch,train_acc_epoch
0.11200001090765,1.9413907527923584,0,0,,
,,0,0,1.9493769407272339,0.10927152633666992
